evolution_type,question,ground_truth
simple,What is the significance of segment units in the context of generating textual outputs?,"The significance of segment units in the context of generating textual outputs is that the framework is applicable to any segment unit, including sub-sentences, although the experiments in this paper treat one sentence as a segment."
reasoning,How does Transformer translation stack up against RNNs?,"The Transformer outperforms RNN sequence-to-sequence models, even when training only on the WSJ training set of 40K sentences. It achieves better results than all previously reported models with the exception of the Recurrent Neural Network Grammar."
reasoning,"What tasks improve with bigger models, and how's pre-training impact?","Increasing the model size leads to continual improvements on large-scale tasks such as machine translation and language modeling. This work demonstrates that scaling to extreme model sizes also leads to large improvements on very small scale tasks, provided that the model has been sufficiently pre-trained."
multi_context,"What's the role of layer normalization in Transformer residual connections, especially in multi-head attention?","Layer normalization in Transformer residual connections is employed around each of the two sub-layers in both the encoder and decoder. It is applied after the residual connection, which is defined as LayerNorm(x + Sublayer(x)), where Sublayer(x) is the function implemented by the sub-layer itself. This normalization helps stabilize and improve the training of the model by normalizing the outputs of the sub-layers."
multi_context,"What challenges do LLMs face with factual accuracy, and how does SELF-RAG tackle them?","LLMs face challenges with factual accuracy due to their reliance on parametric knowledge, which can lead to factual inaccuracies in their responses. SELF-RAG tackles these challenges by introducing a framework that enhances an LLM's quality and factuality through on-demand retrieval of relevant passages and self-reflection. It allows the model to determine if retrieval is necessary, processes multiple retrieved passages, and generates critique tokens to evaluate its own output, thereby improving factual accuracy without sacrificing versatility."
simple,What is a distinctive feature of the bidirectional Transformer encoder used in BERT?,"A distinctive feature of BERT is its unified architecture across different tasks, with minimal difference between the pre-trained architecture and the final downstream architecture."
reasoning,What sets Adaptive-RAG apart in complex queries vs. Adaptive Retrieval?,"Adaptive-RAG is designed to dynamically adjust its query handling strategies based on the complexity of queries, whereas Adaptive Retrieval fetches additional documents but may produce incorrect responses due to the inclusion of partially irrelevant information. Adaptive-RAG seeks out relevant information for complex queries, while Adaptive Retrieval fails to request such information, resulting in inaccurate answers."
reasoning,How does GPT's architecture differ from BERT's in directionality?,"GPT uses a left-to-right Transformer architecture, while BERT uses a bidirectional Transformer architecture."
reasoning,Which multi-hop QA datasets also cover single-hop tasks?,The multi-hop QA datasets that also cover single-hop tasks include HotpotQA and 2WikiMultiHopQA.
reasoning,What problems do LLMs face with inaccurate retrieval?,"LLMs face significant concerns regarding their behavior and performance when retrieval may fail or return inaccurate results. A low-quality retriever can introduce a substantial amount of irrelevant information, which impedes the generators from acquiring accurate knowledge and potentially misleads them."
multi_context,How does Adaptive-RAG help manage user queries and reduce offensive content risks?,"Adaptive-RAG helps manage user queries and reduce offensive content risks by validating its applicability in realistic scenarios with diverse user queries. It emphasizes the importance of developing methods to detect and manage offensive or inappropriate content in both user inputs and retrieved documents within the retrieval-augmented framework, addressing the challenge of potentially harmful user inputs."
multi_context,How does sourcing docs from a specific corpus affect generative models in knowledge tasks?,"Sourcing documents from a specific corpus, such as Wikipedia, enhances the input questions of generative LMs by providing an extra knowledge source, which greatly improves the performance of LMs in a variety of tasks, especially in knowledge-intensive ones."
multi_context,"How do pre-trained Transformers boost NLP performance, especially in low-resource cases?","Pre-trained Transformers boost NLP performance by enabling rich, unsupervised pre-training, which is integral to many language understanding systems. This approach allows even low-resource tasks to benefit from deep unidirectional architectures, and the findings have been generalized to deep bidirectional architectures, allowing the same pre-trained model to successfully tackle a broad set of NLP tasks."
multi_context,What tasks are involved in long-form generation for bios and QA?,"Long-form generation tasks include a biography generation task and a long-form QA task (ALCE-ASQA). The biography generation task is evaluated using FactScore, while the long-form QA task uses official metrics of correctness (str-em), fluency based on MAUVE, and citation precision and recall."
reasoning,What can we learn about model accuracy from word vector comparisons over epochs?,"From the word vector comparisons over epochs, we learn that models trained for three epochs generally achieve higher accuracy on the Semantic-Syntactic data set compared to those trained for one epoch. For instance, the 3 epoch Skip-gram model achieved a total accuracy of 53.3%, while the 1 epoch Skip-gram model achieved a total accuracy of 49.2%. Additionally, training a model on twice as much data using one epoch can yield comparable or better results than iterating over the same data for three epochs, indicating that training time and data volume can significantly impact model performance."
